81,54,68,66,80,61,79,54,88,101,52,60,57,66,75,75,116,53,76,50,38,53,90,105,131,164,106,136,97,158,59,121,95,68,65,52,69,45,53,66,84,46,45,52,80,96,44,89,63,67,87,93,64,58,67,49
60,57,64,47,56,33,57,82,54,51,96,88,66,46,107,83,42,70,84,103,63,96,99,85,148,76,124,65,126,133,92,109,117,133,74,101,82,44,42,98,62,77,72,73,62,59,108,55,53,60,55,88,56,72,77,61
60,48,86,49,103,69,60,78,50,84,79,94,57,98,52,87,131,128,100,104,162,163,151,129,75,85,138,169,134,117,96,147,84,125,139,152,139,119,86,125,79,89,72,74,67,82,58,56,72,60,43,49,54,108,67,59
56,63,47,81,76,58,41,59,52,81,60,75,63,71,53,94,81,114,124,66,85,142,72,94,149,91,154,89,106,105,127,173,111,158,166,132,127,172,100,173,87,61,72,62,63,76,99,66,85,51,51,52,106,91,79,103
95,53,94,102,61,89,79,72,87,102,73,53,42,135,78,124,143,90,86,169,135,91,96,91,102,125,166,125,136,110,133,125,165,139,136,79,139,103,109,162,162,76,77,60,45,44,117,52,67,75,81,100,57,62,82,48
64,97,68,45,53,49,40,55,57,91,69,131,124,125,147,141,168,86,116,88,161,110,151,101,114,68,108,99,85,94,84,120,156,147,105,116,164,135,171,169,123,95,84,97,158,51,51,70,38,58,40,74,53,78,69,75
55,116,38,53,99,71,83,75,67,56,150,126,63,97,147,115,92,85,88,132,99,81,78,77,166,127,170,71,69,155,102,155,115,126,115,94,122,136,128,112,97,93,124,154,156,149,50,46,56,89,45,54,57,40,51,78
61,65,62,65,99,88,69,56,42,142,87,132,163,133,137,86,86,67,77,123,82,138,145,140,106,61,124,114,94,138,137,106,148,130,127,132,141,178,133,116,146,76,146,165,103,159,112,72,70,74,95,84,44,65,47,59
81,47,67,55,66,42,78,71,170,135,104,87,153,84,160,115,154,158,103,81,135,132,130,102,81,159,104,76,164,77,151,81,94,151,116,96,165,120,92,90,102,136,111,128,189,68,117,155,74,53,48,93,81,66,38,65
74,58,32,40,49,51,53,127,81,131,120,126,101,127,148,143,134,100,135,75,103,143,161,173,101,163,90,114,108,118,178,118,132,172,89,110,117,93,146,138,120,151,92,169,131,91,95,123,149,44,53,61,49,61,78,43
68,42,60,52,72,89,125,134,104,129,107,150,132,145,172,153,131,162,98,114,137,129,77,83,113,95,121,96,97,114,111,112,95,156,123,117,84,79,108,146,129,134,154,143,148,169,87,179,91,159,80,52,65,52,58,56
47,62,98,66,52,95,98,149,141,102,118,174,159,113,106,101,144,96,83,160,134,127,157,100,82,166,110,166,133,165,137,131,184,138,133,137,98,87,156,113,161,88,144,168,83,113,90,154,153,119,179,59,58,48,63,91
82,59,56,83,102,116,149,147,168,120,76,75,87,100,127,88,85,115,86,87,111,128,134,115,157,108,186,175,104,161,163,158,101,126,168,157,111,93,98,121,102,131,133,97,84,85,89,169,92,69,137,32,62,74,39,56
57,76,43,56,136,110,80,142,91,82,163,114,75,106,89,141,128,128,90,140,87,167,85,155,151,130,106,89,163,119,179,78,135,103,139,114,89,144,82,80,157,105,109,119,117,144,156,153,167,144,100,107,68,95,45,64
50,60,53,71,163,132,87,131,129,137,127,148,93,74,78,164,101,138,125,112,138,123,173,80,97,151,163,156,92,154,159,95,157,87,165,143,118,180,123,124,80,81,112,173,133,77,118,154,151,104,134,141,73,49,56,95
57,32,68,95,73,76,130,141,75,74,135,105,133,107,136,80,87,90,85,168,167,88,114,114,159,97,104,102,175,142,117,168,116,88,83,131,170,85,155,142,151,171,110,116,104,150,104,84,82,145,119,105,168,89,77,79
71,58,105,145,100,124,123,156,97,90,93,144,130,77,111,76,154,150,153,89,81,151,89,156,139,154,157,169,124,146,99,155,137,102,76,152,162,139,168,186,144,126,156,103,133,182,96,134,83,103,107,104,183,131,43,89
50,44,107,111,86,103,99,80,136,156,106,67,106,105,117,102,134,92,134,169,175,104,107,155,151,128,121,94,155,123,88,97,164,171,99,129,179,110,91,176,107,159,152,97,130,97,159,102,154,129,104,118,104,118,53,46
41,58,106,132,118,166,75,137,164,112,159,172,124,162,141,132,177,163,93,131,169,114,122,146,116,177,109,144,185,153,150,177,168,82,162,124,133,140,97,118,136,101,88,175,164,101,158,141,124,119,141,187,165,147,67,66
48,150,103,78,124,64,130,119,114,118,134,174,91,137,119,155,155,164,78,82,125,124,120,144,106,97,98,116,198,100,94,175,103,134,116,160,124,163,86,124,125,164,142,136,147,159,115,99,81,136,132,133,143,85,134,47
93,134,173,89,85,161,139,180,132,122,153,93,101,143,93,152,136,167,163,180,155,162,178,82,142,100,109,85,152,80,132,125,114,86,125,132,134,157,149,160,164,150,131,76,168,120,176,130,122,162,86,129,178,146,92,64
84,87,125,95,113,152,153,154,153,87,159,91,125,109,98,128,98,107,130,99,160,90,180,88,109,167,107,117,113,96,104,169,119,134,144,134,161,131,153,132,131,165,106,116,77,150,122,129,89,182,91,126,168,119,148,54
38,173,179,173,83,149,127,101,147,129,166,125,108,78,87,169,110,167,100,103,150,94,86,153,156,104,102,176,157,82,114,157,111,161,143,175,141,159,175,106,107,108,81,153,79,91,87,122,89,111,157,157,107,155,143,43
113,127,145,111,86,139,136,145,101,129,89,84,88,131,166,144,110,159,179,103,101,119,117,100,145,172,165,146,120,103,103,179,100,93,116,146,96,162,163,145,75,137,161,99,104,86,129,100,117,102,74,84,174,90,107,79
75,85,171,179,87,73,82,87,126,139,136,133,95,157,143,88,107,182,101,115,118,72,108,121,119,105,108,145,92,108,109,135,108,126,107,129,138,152,173,107,130,168,175,153,110,135,174,115,78,177,101,167,139,122,133,118
129,168,102,118,105,147,163,137,106,116,79,155,111,163,170,114,169,182,83,109,147,115,126,105,161,147,90,82,100,143,177,97,184,111,135,106,173,127,96,162,170,166,97,151,122,163,160,108,137,182,117,89,158,76,163,121
162,105,127,107,118,105,170,180,96,136,135,144,100,160,146,152,92,136,87,171,103,110,124,166,159,166,168,129,106,89,130,156,138,132,150,88,92,90,91,100,136,162,170,177,165,111,121,97,155,161,135,114,169,133,96,116
105,134,178,100,117,159,83,115,126,144,87,145,173,179,90,153,109,98,135,159,182,91,148,123,151,108,150,110,158,85,117,97,126,152,146,102,149,95,137,108,116,180,116,167,177,139,140,89,123,130,111,156,141,161,109,82
152,107,131,108,107,84,126,95,84,179,117,145,150,159,76,171,139,122,115,151,184,70,98,117,171,82,118,119,156,182,114,153,129,72,85,89,171,142,146,153,169,139,83,98,112,153,173,179,137,136,101,114,165,115,130,165
171,73,168,107,115,171,111,166,125,108,188,143,129,148,145,106,166,107,80,145,151,158,159,180,92,179,158,176,84,131,127,155,127,152,94,84,115,178,97,170,170,131,169,87,175,160,90,104,158,117,126,107,125,172,135,167
85,151,175,168,160,113,162,103,83,80,174,93,124,121,170,104,139,174,121,171,92,95,100,166,166,173,100,157,182,151,85,146,163,106,184,142,147,91,152,172,166,115,128,174,106,129,161,155,94,120,91,108,176,144,113,118
75,149,110,89,168,160,131,159,168,93,183,120,104,117,185,146,133,135,147,83,105,177,89,89,107,129,139,164,138,96,155,169,146,178,109,92,79,88,127,173,100,107,159,111,136,81,146,85,97,126,130,111,96,149,185,86
79,151,130,131,127,142,64,165,159,147,164,179,82,132,94,168,156,174,93,128,170,168,125,189,115,137,187,123,158,110,74,176,118,173,149,112,102,90,149,174,141,147,155,128,130,77,78,172,169,105,122,144,92,112,118,111
87,159,103,166,138,106,112,116,128,137,191,100,113,171,151,113,172,141,141,185,166,155,114,182,135,153,106,90,112,73,176,133,114,87,143,171,142,104,137,121,78,108,159,141,136,85,154,107,79,128,91,91,127,149,172,48
82,105,110,136,124,161,170,87,189,121,179,97,106,153,175,89,133,121,188,79,121,120,116,131,82,139,141,118,163,149,162,80,77,143,135,136,163,120,129,106,97,188,107,151,144,152,161,134,155,162,152,132,158,166,111,77
49,85,167,85,92,130,109,109,112,152,168,146,141,171,117,162,152,173,96,167,122,86,111,146,180,173,121,94,76,164,120,173,108,113,176,124,156,116,163,149,129,144,118,141,125,101,123,153,154,153,134,178,166,115,79,63
83,95,118,115,102,98,85,154,77,101,127,143,120,106,137,99,179,133,111,91,108,123,101,156,161,145,82,145,140,156,167,152,108,103,110,119,141,96,114,108,143,150,111,85,149,164,134,176,149,73,167,168,85,69,156,60
45,60,90,166,140,130,115,96,100,103,104,133,92,118,115,130,107,133,185,140,130,131,117,180,92,136,99,156,85,114,93,140,102,153,121,178,142,131,148,78,139,100,84,143,105,130,94,170,133,152,143,169,79,145,44,61
52,53,104,104,113,93,83,171,128,120,140,137,159,145,154,149,139,138,109,86,116,183,139,118,84,115,130,104,134,82,146,162,130,165,180,94,168,143,132,84,101,162,115,148,117,136,151,118,165,76,88,142,153,154,47,77
44,48,139,144,104,179,102,164,95,126,109,88,186,170,127,108,149,152,154,125,149,154,157,122,103,149,134,125,164,84,152,156,103,169,96,162,136,123,117,166,135,106,82,111,160,154,108,70,131,168,130,152,179,93,51,68
90,58,81,156,172,134,142,123,138,123,110,100,173,121,158,110,160,142,99,115,113,128,108,155,83,183,141,168,138,101,117,158,166,166,164,89,97,117,156,105,79,128,97,100,139,83,100,125,82,85,125,162,125,102,52,76
65,50,54,54,175,100,97,124,96,73,179,183,136,178,126,138,160,139,137,96,189,97,152,141,171,96,163,140,111,147,94,169,120,133,127,103,98,175,144,169,121,153,107,68,152,129,155,94,107,124,158,161,85,56,38,100
72,75,60,46,154,168,175,117,83,86,97,85,95,110,124,158,135,84,135,153,168,159,121,172,98,100,83,120,138,122,101,166,82,169,121,66,105,155,101,81,118,151,155,117,176,110,141,121,149,160,123,87,69,67,52,45
53,42,69,59,68,138,114,154,171,168,118,96,113,101,123,150,131,141,174,144,159,159,148,165,115,147,157,119,181,153,164,160,135,174,155,134,73,112,144,144,106,119,71,169,106,166,154,179,154,60,124,88,70,38,55,58
82,43,48,74,57,121,111,141,128,159,132,159,123,100,97,140,96,134,155,92,83,96,145,166,96,157,92,67,74,174,133,91,122,179,160,99,94,153,83,99,102,142,157,123,135,166,75,82,87,110,150,82,39,82,59,48
60,63,54,47,47,90,97,91,129,90,141,145,160,111,73,146,88,159,139,166,94,106,115,101,119,149,115,97,158,148,173,107,108,161,119,89,77,110,134,124,112,75,137,164,123,76,134,138,127,84,53,78,56,52,47,39
68,40,70,48,65,99,70,101,151,176,127,125,168,137,121,117,77,140,97,131,69,163,94,150,182,115,83,130,143,120,93,85,155,71,115,160,131,155,80,79,111,116,122,146,109,131,72,122,158,69,68,48,58,89,82,64
56,65,68,63,78,117,83,65,140,114,131,72,141,173,80,80,168,106,79,115,143,124,174,135,114,100,186,68,123,140,156,131,171,165,83,152,91,151,160,66,164,120,83,98,85,149,93,68,52,43,43,51,76,56,89,51
74,102,79,43,94,44,46,64,54,123,157,142,80,152,155,91,86,108,163,148,74,94,90,122,110,80,132,140,133,112,138,143,97,70,81,164,90,88,147,126,114,157,69,176,81,98,127,86,57,78,84,46,44,69,53,38
53,85,56,54,68,50,57,82,48,47,72,132,165,172,139,160,101,155,147,100,136,151,111,75,118,86,101,179,98,144,125,98,122,89,88,124,131,120,151,94,109,144,85,66,89,86,48,55,50,52,50,77,62,49,80,54
79,55,60,46,70,51,85,88,50,66,55,93,165,160,171,99,127,123,137,159,159,171,100,161,89,144,138,101,97,97,171,71,135,104,120,86,176,145,136,133,128,90,94,105,162,57,69,66,64,57,62,99,59,55,47,47
74,57,74,62,45,43,48,70,100,47,59,83,53,149,144,117,71,104,114,154,157,168,106,157,114,108,142,94,149,105,63,124,85,91,100,147,82,111,148,144,96,140,152,72,63,66,45,46,71,55,64,49,78,59,90,36
70,47,71,61,88,65,52,58,35,47,94,72,83,52,111,93,134,104,127,102,124,115,158,140,138,155,143,101,140,134,108,156,100,83,132,153,146,73,136,102,151,116,40,53,70,60,64,52,77,77,57,71,57,86,67,88
39,56,45,38,94,54,53,45,85,63,70,41,90,44,90,60,133,150,139,72,133,134,163,143,84,129,118,138,181,127,95,174,81,102,79,156,65,111,91,80,52,55,40,55,67,89,68,64,68,46,48,79,54,39,63,70
83,40,76,92,70,49,76,75,53,81,48,49,82,74,74,62,37,65,84,170,84,156,142,82,131,133,114,87,166,118,135,167,78,113,107,138,126,89,83,66,98,42,54,76,92,43,82,51,47,80,99,90,52,57,70,95
76,59,61,46,93,60,76,75,55,63,72,53,76,35,76,77,65,57,108,58,68,62,67,153,140,156,153,100,106,141,97,168,127,69,89,59,53,51,72,87,66,58,49,80,61,78,58,53,62,74,74,65,59,48,54,74
